{"cameraMode":{"drawMode":0,"name":"Shaded","section":"Shading Mode"},"sceneLighting":true,"audioPlay":false,"sceneViewState":{"showFog":true,"showMaterialUpdate":false,"showSkybox":true,"showFlares":true,"showImageEffects":true,"showParticleSystems":true},"in2DMode":false,"pivot":{"x":9.215202331542969,"y":5.663633823394775,"z":4.284448146820068},"rotation":{"x":0.25116944313049319,"y":-0.08928323537111283,"z":0.02327396720647812,"w":0.9635360240936279},"size":5.533013343811035,"orthographic":false}