{"cameraMode":{"drawMode":0,"name":"Shaded","section":"Shading Mode"},"sceneLighting":true,"audioPlay":false,"sceneViewState":{"showFog":true,"showMaterialUpdate":false,"showSkybox":true,"showFlares":true,"showImageEffects":true,"showParticleSystems":true},"in2DMode":false,"pivot":{"x":7.805554389953613,"y":0.54144287109375,"z":13.405921936035157},"rotation":{"x":-0.4818189740180969,"y":0.014980305917561055,"z":-0.00823863036930561,"w":-0.8761041164398193},"size":15.56946849822998,"orthographic":false}